survey_id,match_id,wait_time_minutes,entry_experience_score,satisfaction_score,would_recommend
1,1,17,4,5,Y
2,1,27,4,3,Y
3,1,39,5,3,Y
4,1,16,3,4,Y
5,1,12,4,5,Y
6,1,35,4,5,Y
7,1,32,5,3,Y
8,1,35,3,5,Y
9,1,33,4,3,Y
10,1,31,4,5,Y
11,1,20,5,4,Y
12,1,30,4,4,Y
13,1,41,4,3,Y
14,1,32,3,5,Y
15,1,25,4,5,Y
16,1,27,3,4,Y
17,1,34,3,4,Y
18,1,13,3,4,Y
19,1,41,4,4,Y
20,1,12,5,3,Y
21,1,29,4,5,Y
22,1,44,5,3,Y
23,1,10,3,4,Y
24,1,11,4,5,Y
25,1,11,3,4,Y
26,1,20,4,3,Y
27,1,27,3,4,Y
28,1,12,4,5,Y
29,1,20,5,4,Y
30,1,44,4,4,Y
31,1,38,3,5,Y
32,1,30,3,3,Y
33,1,41,3,5,Y
34,1,27,4,5,Y
35,1,30,3,4,Y
36,2,15,4,4,Y
37,2,45,5,5,Y
38,2,11,5,4,Y
39,2,43,4,3,Y
40,2,28,5,5,Y
41,2,27,4,5,Y
42,2,17,4,5,Y
43,2,27,3,5,Y
44,2,21,4,4,Y
45,2,29,3,3,Y
46,2,14,4,4,Y
47,2,12,5,4,Y
48,2,11,3,4,Y
49,2,43,3,3,Y
50,2,39,3,4,Y
51,2,25,5,3,Y
52,2,16,5,4,Y
53,2,22,4,3,Y
54,2,10,5,4,Y
55,2,17,3,5,Y
56,2,15,3,5,Y
57,2,18,3,5,Y
58,2,12,3,5,Y
59,2,24,4,5,Y
60,2,17,3,4,Y
61,2,28,3,3,Y
62,2,21,5,3,Y
63,2,27,5,5,Y
64,2,32,4,3,Y
65,2,27,5,5,Y
66,2,34,4,5,Y
67,2,29,4,5,Y
68,2,23,5,5,Y
69,2,16,3,5,Y
70,2,13,3,5,Y
71,2,43,5,4,Y
72,2,20,5,4,Y
73,3,44,3,3,Y
74,3,38,5,5,Y
75,3,45,5,3,Y
76,3,34,4,3,Y
77,3,38,5,4,Y
78,3,13,3,5,Y
79,3,32,3,4,Y
80,3,13,3,5,Y
81,3,24,4,4,Y
82,3,35,4,4,Y
83,3,27,4,5,Y
84,3,33,4,3,Y
85,3,32,4,3,Y
86,3,43,3,4,Y
87,3,30,5,4,Y
88,3,13,3,4,Y
89,3,20,5,4,Y
90,3,16,5,3,Y
91,3,10,4,5,Y
92,3,45,5,4,Y
93,3,21,4,4,Y
94,3,38,3,5,Y
95,4,13,3,3,Y
96,4,28,5,5,Y
97,4,41,5,3,Y
98,4,21,3,3,Y
99,4,36,3,3,Y
100,4,14,4,4,Y
101,4,45,3,3,Y
102,4,11,3,3,Y
103,4,40,5,4,Y
104,4,33,4,5,Y
105,4,28,5,5,Y
106,4,13,4,3,Y
107,4,33,5,3,Y
108,4,19,4,3,Y
109,4,34,5,3,Y
110,4,24,5,5,Y
111,4,15,4,3,Y
112,4,15,3,4,Y
113,4,36,3,3,Y
114,4,29,4,3,Y
115,4,11,5,3,Y
116,4,11,3,4,Y
117,4,21,4,4,Y
118,4,30,4,3,Y
119,4,29,5,5,Y
120,5,14,5,5,Y
121,5,26,4,5,Y
122,5,33,3,5,Y
123,5,31,5,4,Y
124,5,11,3,5,Y
125,5,28,5,3,Y
126,5,13,5,5,Y
127,5,30,5,3,Y
128,5,36,5,5,Y
129,5,41,4,3,Y
130,5,36,3,4,Y
131,5,35,3,5,Y
132,5,31,5,4,Y
133,5,17,5,3,Y
134,5,27,5,3,Y
135,5,27,5,5,Y
136,5,31,5,4,Y
137,5,10,3,5,Y
138,5,34,5,3,Y
139,6,25,4,4,Y
140,6,28,3,4,Y
141,6,35,5,5,Y
142,6,25,5,3,Y
143,6,24,3,5,Y
144,6,39,3,4,Y
145,6,41,5,3,Y
146,6,12,5,4,Y
147,6,25,3,3,Y
148,6,27,3,4,Y
149,6,19,3,3,Y
150,6,40,3,3,Y
151,6,25,4,3,Y
152,6,11,5,3,Y
153,6,23,4,3,Y
154,6,22,4,5,Y
155,6,34,4,5,Y
156,6,35,5,4,Y
157,6,11,4,3,Y
158,6,24,5,4,Y
159,6,23,5,3,Y
160,6,29,5,5,Y
161,7,146,2,1,N
162,7,233,1,2,N
163,7,226,2,3,Y
164,7,128,1,3,Y
165,7,152,1,2,N
166,7,212,1,1,N
167,7,220,2,2,N
168,7,233,1,2,N
169,7,93,1,1,N
170,7,183,2,2,N
171,7,168,2,3,Y
172,7,91,1,3,Y
173,7,134,2,1,N
174,7,193,2,2,N
175,7,124,1,2,N
176,7,157,1,3,Y
177,7,224,1,3,Y
178,7,148,1,3,Y
179,7,198,2,3,Y
180,7,130,1,1,N
181,7,136,2,2,N
182,7,153,1,1,N
183,7,95,2,1,N
184,7,95,2,1,N
185,7,99,1,2,N
186,7,141,2,1,N
187,7,183,2,2,N
188,7,93,1,2,N
189,7,138,2,2,N
190,7,236,1,2,N
191,7,230,2,1,N
192,7,234,1,2,N
193,8,21,3,3,Y
194,8,17,4,4,Y
195,8,45,5,4,Y
196,8,45,4,3,Y
197,8,11,5,3,Y
198,8,45,4,5,Y
199,8,17,4,3,Y
200,8,13,3,3,Y
201,8,33,3,3,Y
202,8,29,5,5,Y
203,8,17,5,5,Y
204,8,21,5,3,Y
205,8,41,5,4,Y
206,8,36,4,3,Y
207,8,14,4,4,Y
208,8,26,5,4,Y
209,8,13,3,4,Y
210,8,13,3,3,Y
211,8,36,3,4,Y
212,8,26,3,5,Y
213,8,35,4,3,Y
214,8,35,5,3,Y
215,8,21,3,5,Y
216,8,13,5,3,Y
217,8,25,5,4,Y
218,8,23,4,3,Y
219,8,28,4,3,Y
220,8,23,5,3,Y
221,8,40,5,4,Y
222,8,43,4,5,Y
223,8,18,3,5,Y
224,8,15,4,4,Y
225,8,43,3,4,Y
226,8,21,3,3,Y
227,9,27,4,3,Y
228,9,43,5,3,Y
229,9,10,4,5,Y
230,9,35,4,3,Y
231,9,16,4,4,Y
232,9,45,4,4,Y
233,9,23,4,5,Y
234,9,29,3,4,Y
235,9,10,5,4,Y
236,9,10,4,4,Y
237,9,11,4,4,Y
238,9,27,4,4,Y
239,9,29,5,3,Y
240,9,16,3,5,Y
241,9,30,4,5,Y
242,9,25,4,5,Y
243,9,40,5,3,Y
244,10,11,4,4,Y
245,10,17,5,5,Y
246,10,24,5,3,Y
247,10,32,4,5,Y
248,10,18,3,3,Y
249,10,26,4,3,Y
250,10,37,5,4,Y
251,10,22,5,4,Y
252,10,39,4,5,Y
253,10,35,3,3,Y
254,10,34,3,4,Y
255,10,35,5,4,Y
256,10,30,5,3,Y
257,10,21,4,4,Y
258,10,22,4,3,Y
259,10,36,4,3,Y
260,10,44,3,5,Y
261,11,27,5,3,Y
262,11,27,4,4,Y
263,11,18,5,3,Y
264,11,19,5,5,Y
265,11,34,4,5,Y
266,11,29,4,4,Y
267,11,16,5,3,Y
268,11,13,3,3,Y
269,11,20,5,3,Y
270,11,19,5,3,Y
271,11,39,4,3,Y
272,11,39,4,5,Y
273,11,19,3,5,Y
274,11,14,3,4,Y
275,11,12,3,4,Y
276,11,37,3,5,Y
277,11,25,3,3,Y
278,11,30,4,4,Y
279,11,35,5,3,Y
280,11,22,4,4,Y
281,11,34,5,5,Y
282,11,17,4,4,Y
283,11,29,3,4,Y
284,11,43,5,5,Y
285,11,16,5,5,Y
286,12,32,3,5,Y
287,12,42,4,4,Y
288,12,26,5,4,Y
289,12,14,4,4,Y
290,12,45,5,3,Y
291,12,30,3,3,Y
292,12,32,3,4,Y
293,12,27,5,4,Y
294,12,32,4,4,Y
295,12,26,5,4,Y
296,12,23,3,3,Y
297,12,18,3,4,Y
298,12,15,4,4,Y
299,12,21,4,3,Y
300,12,42,5,5,Y
301,12,36,4,4,Y
302,12,43,4,5,Y
303,12,45,5,4,Y
304,12,24,4,5,Y
305,12,29,4,5,Y
306,12,41,5,4,Y
307,12,34,3,3,Y
308,12,15,4,3,Y
309,12,40,5,5,Y
310,12,33,3,4,Y
311,12,36,3,3,Y
312,12,27,5,3,Y
313,12,29,3,3,Y
314,12,22,4,4,Y
315,13,22,4,3,Y
316,13,39,5,4,Y
317,13,22,3,3,Y
318,13,12,3,3,Y
319,13,42,4,4,Y
320,13,28,5,5,Y
321,13,37,4,3,Y
322,13,25,3,3,Y
323,13,32,3,5,Y
324,13,32,4,3,Y
325,13,45,3,5,Y
326,13,35,4,5,Y
327,13,12,5,3,Y
328,13,13,3,3,Y
329,13,25,3,4,Y
330,13,22,5,4,Y
331,13,23,3,4,Y
332,13,38,5,3,Y
333,13,43,4,3,Y
334,13,45,5,5,Y
335,13,41,4,3,Y
336,13,13,5,4,Y
337,13,17,3,3,Y
338,13,41,3,4,Y
339,13,20,4,4,Y
340,14,36,5,4,Y
341,14,25,4,5,Y
342,14,15,3,4,Y
343,14,38,3,5,Y
344,14,12,3,4,Y
345,14,28,5,3,Y
346,14,45,4,5,Y
347,14,39,5,5,Y
348,14,19,5,5,Y
349,14,28,4,4,Y
350,14,45,3,3,Y
351,14,27,5,4,Y
352,14,13,4,5,Y
353,14,29,4,5,Y
354,14,29,5,4,Y
355,14,36,5,4,Y
356,14,25,5,3,Y
357,14,39,5,5,Y
358,14,16,3,5,Y
359,14,31,4,4,Y
360,14,15,3,4,Y
361,14,40,3,4,Y
362,14,32,5,4,Y
363,14,10,4,4,Y
364,14,14,5,5,Y
365,14,23,4,5,Y
366,14,36,4,5,Y
367,14,18,3,5,Y
368,14,19,4,4,Y
369,14,41,4,3,Y
370,14,17,4,3,Y
371,14,36,3,3,Y
372,14,17,3,4,Y
373,14,16,3,5,Y
374,14,15,4,5,Y
375,15,31,5,4,Y
376,15,24,4,4,Y
377,15,17,4,5,Y
378,15,37,5,3,Y
379,15,36,3,4,Y
380,15,21,5,4,Y
381,15,19,5,3,Y
382,15,10,5,4,Y
383,15,31,3,3,Y
384,15,33,3,4,Y
385,15,19,5,4,Y
386,15,36,5,3,Y
387,15,42,5,5,Y
388,15,35,3,4,Y
389,15,24,4,3,Y
390,15,10,3,5,Y
391,15,27,4,3,Y
392,15,21,4,4,Y
393,15,45,5,3,Y
394,15,23,3,5,Y
395,15,24,4,3,Y
396,15,26,4,4,Y
397,15,30,5,5,Y
398,15,13,5,4,Y
399,15,44,3,5,Y
400,15,23,4,5,Y
401,15,34,5,4,Y
402,15,25,5,5,Y
403,15,12,3,4,Y
404,15,22,4,5,Y
405,15,10,4,3,Y
406,15,32,5,5,Y
407,15,32,5,5,Y
408,15,31,3,5,Y
409,15,10,5,4,Y
410,15,26,4,3,Y
411,16,29,4,3,Y
412,16,29,3,4,Y
413,16,14,4,5,Y
414,16,37,3,3,Y
415,16,42,5,5,Y
416,16,15,3,3,Y
417,16,15,3,4,Y
418,16,35,3,4,Y
419,16,17,4,4,Y
420,16,10,5,5,Y
421,16,13,4,3,Y
422,16,32,4,4,Y
423,16,42,5,4,Y
424,16,34,3,5,Y
425,16,43,4,3,Y
426,16,34,4,3,Y
427,16,17,5,3,Y
428,16,22,3,5,Y
429,17,23,3,5,Y
430,17,38,4,4,Y
431,17,42,4,3,Y
432,17,28,4,4,Y
433,17,18,3,5,Y
434,17,22,4,4,Y
435,17,25,5,3,Y
436,17,16,4,3,Y
437,17,28,3,5,Y
438,17,35,4,5,Y
439,17,21,5,4,Y
440,17,29,5,5,Y
441,17,18,5,4,Y
442,17,39,3,5,Y
443,17,15,3,4,Y
444,17,40,4,3,Y
445,17,39,3,4,Y
446,17,11,3,4,Y
447,17,16,4,5,Y
448,17,20,5,5,Y
449,17,39,5,5,Y
450,17,23,3,4,Y
451,18,18,5,4,Y
452,18,16,3,4,Y
453,18,18,4,4,Y
454,18,14,3,4,Y
455,18,42,4,5,Y
456,18,37,5,3,Y
457,18,29,5,3,Y
458,18,28,5,5,Y
459,18,27,3,5,Y
460,18,19,5,3,Y
461,18,28,3,5,Y
462,18,22,4,5,Y
463,18,23,3,4,Y
464,18,24,4,4,Y
465,18,27,5,3,Y
466,18,27,3,3,Y
467,18,24,5,4,Y
468,18,43,4,4,Y
469,18,25,3,3,Y
470,18,27,4,3,Y
471,18,23,5,3,Y
472,18,45,4,3,Y
473,18,39,5,3,Y
474,19,22,3,3,Y
475,19,17,5,5,Y
476,19,13,4,3,Y
477,19,15,3,5,Y
478,19,41,5,4,Y
479,19,44,5,5,Y
480,19,10,5,4,Y
481,19,32,3,5,Y
482,19,35,3,3,Y
483,19,11,5,5,Y
484,19,43,3,3,Y
485,19,26,4,3,Y
486,19,21,5,4,Y
487,19,39,4,4,Y
488,19,34,5,3,Y
489,19,45,3,5,Y
490,19,38,3,5,Y
491,19,42,4,4,Y
492,19,20,3,5,Y
493,19,24,4,5,Y
494,19,44,3,4,Y
495,19,23,3,3,Y
496,19,15,3,3,Y
497,19,20,5,4,Y
498,19,18,5,4,Y
499,20,17,3,4,Y
500,20,19,3,3,Y
501,20,18,3,3,Y
502,20,30,4,5,Y
503,20,20,3,3,Y
504,20,12,3,5,Y
505,20,32,4,5,Y
506,20,31,5,4,Y
507,20,37,5,4,Y
508,20,26,4,5,Y
509,20,18,5,5,Y
510,20,37,5,5,Y
511,20,18,3,4,Y
512,20,32,5,5,Y
513,20,40,4,4,Y
514,20,42,5,3,Y
515,20,29,3,3,Y
516,20,31,5,4,Y
517,20,23,4,3,Y
518,20,19,3,3,Y
519,20,22,3,5,Y
520,20,25,4,5,Y
521,20,35,5,4,Y
522,20,15,3,3,Y
523,20,37,4,4,Y
524,20,20,3,5,Y
525,20,12,4,5,Y
526,20,22,5,3,Y
527,20,19,3,5,Y
528,20,39,4,4,Y
529,20,33,5,5,Y
530,20,29,4,5,Y
531,20,15,3,3,Y
532,20,33,5,4,Y
533,20,30,4,3,Y
534,20,24,5,5,Y
535,20,21,3,3,Y
536,20,31,3,4,Y
537,21,10,5,4,Y
538,21,27,3,5,Y
539,21,34,4,5,Y
540,21,36,5,4,Y
541,21,44,5,3,Y
542,21,24,5,3,Y
543,21,42,3,3,Y
544,21,32,5,3,Y
545,21,38,5,5,Y
546,21,29,5,5,Y
547,21,29,3,3,Y
548,21,22,4,4,Y
549,21,21,5,4,Y
550,21,45,4,5,Y
551,21,32,5,5,Y
552,21,16,3,3,Y
553,21,39,4,3,Y
554,22,20,5,4,Y
555,22,23,5,5,Y
556,22,16,4,5,Y
557,22,26,3,5,Y
558,22,35,5,5,Y
559,22,24,3,3,Y
560,22,30,3,3,Y
561,22,13,4,5,Y
562,22,37,3,5,Y
563,22,13,5,5,Y
564,22,16,5,4,Y
565,22,21,5,3,Y
566,22,45,4,5,Y
567,22,42,5,3,Y
568,22,23,3,4,Y
569,22,22,5,5,Y
570,22,28,5,4,Y
571,22,40,5,3,Y
572,22,18,3,5,Y
573,22,12,3,4,Y
574,22,24,3,4,Y
575,22,29,5,4,Y
576,22,31,5,5,Y
577,22,18,3,4,Y
578,23,23,3,3,Y
579,23,26,3,4,Y
580,23,24,3,3,Y
581,23,36,3,3,Y
582,23,25,5,5,Y
583,23,27,4,5,Y
584,23,15,3,3,Y
585,23,28,4,5,Y
586,23,26,4,5,Y
587,23,17,3,5,Y
588,23,21,4,4,Y
589,23,17,4,3,Y
590,23,16,4,3,Y
591,23,13,4,4,Y
592,23,42,5,4,Y
593,23,14,3,4,Y
594,23,18,4,4,Y
595,23,15,5,5,Y
596,23,27,4,3,Y
597,23,14,5,4,Y
598,23,34,5,4,Y
599,23,37,4,5,Y
600,23,41,3,4,Y
601,23,24,3,5,Y
602,23,45,3,4,Y
603,23,35,3,5,Y
604,23,31,3,4,Y
605,23,44,5,5,Y
606,23,10,5,5,Y
607,23,21,4,5,Y
608,24,16,3,4,Y
609,24,32,5,4,Y
610,24,30,3,4,Y
611,24,29,3,4,Y
612,24,30,4,4,Y
613,24,10,4,4,Y
614,24,44,4,5,Y
615,24,45,5,5,Y
616,24,35,4,5,Y
617,24,31,4,4,Y
618,24,14,4,3,Y
619,24,23,4,5,Y
620,24,40,4,5,Y
621,24,22,4,3,Y
622,24,32,4,4,Y
623,25,11,5,5,Y
624,25,33,4,5,Y
625,25,20,5,4,Y
626,25,36,4,4,Y
627,25,42,3,5,Y
628,25,28,5,5,Y
629,25,17,5,4,Y
630,25,36,5,3,Y
631,25,38,3,4,Y
632,25,13,4,3,Y
633,25,34,5,4,Y
634,25,20,4,5,Y
635,25,18,3,4,Y
636,25,13,5,5,Y
637,25,42,4,5,Y
638,26,16,5,5,Y
639,26,26,3,4,Y
640,26,44,3,3,Y
641,26,27,5,5,Y
642,26,23,3,4,Y
643,26,33,3,4,Y
644,26,25,5,3,Y
645,26,13,4,3,Y
646,26,40,4,5,Y
647,26,44,3,5,Y
648,26,13,3,4,Y
649,26,14,4,3,Y
650,26,30,3,5,Y
651,26,18,5,4,Y
652,26,31,4,4,Y
653,26,14,5,5,Y
654,26,24,4,4,Y
655,26,30,3,4,Y
656,27,27,4,4,Y
657,27,42,4,4,Y
658,27,36,5,5,Y
659,27,42,5,4,Y
660,27,31,4,4,Y
661,27,16,5,4,Y
662,27,30,4,5,Y
663,27,27,4,5,Y
664,27,28,3,4,Y
665,27,43,4,4,Y
666,27,43,4,5,Y
667,27,34,4,5,Y
668,27,21,5,4,Y
669,27,35,3,5,Y
670,27,30,3,4,Y
671,27,38,5,4,Y
672,27,16,5,3,Y
673,27,35,3,4,Y
674,27,17,4,3,Y
675,27,25,3,4,Y
676,27,13,4,5,Y
677,27,27,5,3,Y
678,27,19,5,5,Y
679,27,39,3,5,Y
680,27,45,5,4,Y
681,27,21,4,4,Y
682,27,25,4,4,Y
683,28,22,4,4,Y
684,28,18,5,3,Y
685,28,12,5,3,Y
686,28,20,3,4,Y
687,28,23,4,3,Y
688,28,33,4,4,Y
689,28,42,4,3,Y
690,28,11,3,4,Y
691,28,29,3,5,Y
692,28,12,5,5,Y
693,28,17,4,4,Y
694,28,14,5,5,Y
695,28,27,4,3,Y
696,28,27,3,5,Y
697,28,13,4,3,Y
698,28,23,5,5,Y
699,28,37,4,4,Y
700,28,45,5,3,Y
701,28,33,4,4,Y
702,28,43,5,5,Y
703,28,45,5,5,Y
704,28,20,4,5,Y
705,28,22,4,4,Y
706,28,27,4,4,Y
707,28,45,5,5,Y
708,28,16,5,3,Y
709,28,32,5,3,Y
710,28,17,4,4,Y
711,28,15,5,3,Y
712,28,14,5,3,Y
713,29,23,3,5,Y
714,29,22,5,3,Y
715,29,39,3,5,Y
716,29,21,3,4,Y
717,29,31,3,4,Y
718,29,22,5,3,Y
719,29,31,4,4,Y
720,29,12,3,5,Y
721,29,17,4,4,Y
722,29,20,3,4,Y
723,29,38,5,4,Y
724,29,34,3,3,Y
725,29,22,5,4,Y
726,29,35,4,5,Y
727,29,30,5,4,Y
728,29,40,3,3,Y
729,29,28,3,4,Y
730,29,25,4,5,Y
731,29,40,4,5,Y
732,29,10,3,4,Y
733,29,19,5,5,Y
734,29,12,5,5,Y
735,29,17,3,3,Y
736,29,30,5,5,Y
737,29,26,5,5,Y
738,29,24,4,4,Y
739,29,39,4,5,Y
740,29,26,4,5,Y
741,29,29,5,3,Y
742,29,32,3,4,Y
743,29,21,5,3,Y
744,29,44,3,5,Y
745,29,10,4,3,Y
746,29,19,3,3,Y
747,29,11,4,4,Y
748,29,43,4,5,Y
749,29,38,3,3,Y
750,29,14,5,5,Y
751,29,40,4,3,Y
752,30,43,5,3,Y
753,30,18,5,4,Y
754,30,11,3,4,Y
755,30,45,3,5,Y
756,30,15,3,4,Y
757,30,32,3,3,Y
758,30,14,4,3,Y
759,30,31,4,4,Y
760,30,28,3,4,Y
761,30,21,5,3,Y
762,30,39,3,4,Y
763,30,41,3,4,Y
764,30,42,5,3,Y
765,30,18,3,4,Y
766,30,35,5,3,Y
767,30,34,5,4,Y
768,30,40,5,4,Y
769,30,17,5,4,Y
770,30,25,3,5,Y
771,30,17,4,4,Y
772,30,24,5,4,Y
773,30,19,4,4,Y
774,30,40,3,5,Y
775,30,35,4,3,Y
776,30,36,4,5,Y
777,30,34,3,4,Y
778,30,13,4,4,Y
779,30,37,4,5,Y
780,31,21,3,5,Y
781,31,11,4,3,Y
782,31,17,3,3,Y
783,31,11,3,4,Y
784,31,31,4,4,Y
785,31,36,5,3,Y
786,31,26,4,5,Y
787,31,23,3,3,Y
788,31,32,5,3,Y
789,31,41,3,3,Y
790,31,20,5,3,Y
791,31,40,5,5,Y
792,31,37,3,4,Y
793,31,17,4,4,Y
794,31,33,3,4,Y
795,31,14,5,5,Y
796,31,31,5,3,Y
797,31,37,4,4,Y
798,31,43,3,4,Y
799,31,27,3,3,Y
800,31,36,3,4,Y
801,31,19,5,3,Y
802,31,41,5,5,Y
803,31,21,3,5,Y
804,31,23,5,3,Y
805,31,29,5,3,Y
806,31,27,5,3,Y
807,31,16,3,4,Y
808,31,20,5,5,Y
809,31,17,4,3,Y
810,31,37,5,4,Y
811,31,43,3,5,Y
812,31,11,4,3,Y
813,32,33,3,5,Y
814,32,26,5,5,Y
815,32,13,4,5,Y
816,32,24,5,5,Y
817,32,12,3,3,Y
818,32,22,5,5,Y
819,32,27,3,3,Y
820,32,42,3,3,Y
821,32,39,4,4,Y
822,32,40,3,3,Y
823,32,32,4,5,Y
824,32,12,5,5,Y
825,32,11,3,4,Y
826,32,16,4,5,Y
827,32,45,4,3,Y
828,32,39,4,5,Y
829,32,18,5,3,Y
830,32,17,3,4,Y
831,32,33,5,5,Y
832,32,43,5,5,Y
833,32,25,5,3,Y
834,32,44,3,5,Y
835,32,15,5,4,Y
836,32,32,5,3,Y
837,32,25,3,4,Y
838,32,30,4,4,Y
839,32,31,4,3,Y
840,32,39,5,4,Y
841,32,38,4,5,Y
842,32,42,3,5,Y
843,32,13,3,3,Y
844,32,35,4,5,Y
845,32,29,5,4,Y
846,32,31,3,3,Y
847,33,23,4,5,Y
848,33,39,4,5,Y
849,33,13,3,4,Y
850,33,12,4,5,Y
851,33,14,3,3,Y
852,33,25,4,4,Y
853,33,28,5,5,Y
854,33,41,5,4,Y
855,33,24,4,4,Y
856,33,30,3,3,Y
857,33,28,5,5,Y
858,33,41,5,4,Y
859,33,12,5,4,Y
860,33,17,5,5,Y
861,33,10,3,3,Y
862,33,44,5,3,Y
863,33,17,4,5,Y
864,33,20,4,5,Y
865,33,40,4,5,Y
866,33,26,4,4,Y
867,33,17,4,3,Y
868,33,42,3,3,Y
869,33,30,4,3,Y
870,33,20,3,3,Y
871,33,11,5,5,Y
872,33,42,3,3,Y
873,33,21,4,4,Y
874,33,18,5,5,Y
875,33,44,5,3,Y
876,33,11,3,5,Y
877,33,35,3,3,Y
878,33,36,3,3,Y
879,33,26,5,5,Y
880,34,43,3,5,Y
881,34,25,4,3,Y
882,34,23,5,3,Y
883,34,42,4,3,Y
884,34,17,3,5,Y
885,34,25,4,4,Y
886,34,12,3,3,Y
887,34,33,4,4,Y
888,34,24,3,4,Y
889,34,21,3,3,Y
890,34,44,3,5,Y
891,34,22,4,3,Y
892,34,42,5,4,Y
893,34,34,3,4,Y
894,34,29,4,4,Y
895,34,40,5,3,Y
896,34,35,3,5,Y
897,34,37,4,5,Y
898,34,29,4,5,Y
899,34,27,4,3,Y
900,34,20,4,3,Y
901,34,22,3,4,Y
902,34,28,5,3,Y
903,34,37,3,4,Y
904,34,40,4,4,Y
905,34,36,5,4,Y
906,34,12,5,4,Y
907,34,12,3,3,Y
908,34,16,5,3,Y
909,34,12,4,4,Y
910,34,32,3,4,Y
911,34,24,3,3,Y
912,34,32,3,5,Y
913,35,30,3,3,Y
914,35,19,3,3,Y
915,35,42,4,5,Y
916,35,31,5,3,Y
917,35,40,3,3,Y
918,35,35,3,4,Y
919,35,18,4,3,Y
920,35,34,3,4,Y
921,35,15,5,3,Y
922,35,22,5,5,Y
923,35,34,5,4,Y
924,35,32,5,4,Y
925,35,44,3,4,Y
926,35,32,3,5,Y
927,35,28,4,4,Y
928,35,19,5,5,Y
929,35,12,4,4,Y
930,35,27,4,5,Y
931,35,36,5,3,Y
932,35,25,5,3,Y
933,35,36,3,5,Y
934,35,15,5,4,Y
935,35,15,5,3,Y
936,35,11,3,5,Y
937,36,45,3,5,Y
938,36,17,3,5,Y
939,36,40,4,5,Y
940,36,31,4,5,Y
941,36,35,3,4,Y
942,36,39,4,5,Y
943,36,23,4,4,Y
944,36,18,5,5,Y
945,36,15,4,5,Y
946,36,43,4,3,Y
947,36,28,4,3,Y
948,36,33,3,5,Y
949,36,30,4,5,Y
950,36,39,5,3,Y
951,36,31,4,4,Y
952,36,34,4,5,Y
953,36,24,4,3,Y
954,36,44,3,3,Y
955,36,37,4,5,Y
956,36,41,5,5,Y
957,36,24,5,5,Y
958,36,45,4,3,Y
959,37,17,3,4,Y
960,37,27,3,5,Y
961,37,18,5,4,Y
962,37,39,4,4,Y
963,37,22,5,5,Y
964,37,16,3,3,Y
965,37,25,4,3,Y
966,37,16,4,5,Y
967,37,10,5,4,Y
968,37,27,3,3,Y
969,37,32,5,4,Y
970,37,16,4,5,Y
971,37,26,5,4,Y
972,37,25,3,4,Y
973,37,24,5,5,Y
974,37,25,5,5,Y
975,38,29,5,4,Y
976,38,16,3,5,Y
977,38,43,5,4,Y
978,38,14,5,3,Y
979,38,18,4,5,Y
980,38,20,4,4,Y
981,38,16,5,3,Y
982,38,40,4,4,Y
983,38,26,5,4,Y
984,38,16,5,5,Y
985,38,12,4,4,Y
986,38,41,4,3,Y
987,38,14,5,4,Y
988,38,18,5,5,Y
989,38,30,3,5,Y
990,38,25,3,4,Y
991,38,28,3,4,Y
992,38,22,5,5,Y
993,38,44,5,4,Y
994,38,44,4,5,Y
995,38,19,3,4,Y
996,38,11,3,5,Y
997,38,10,5,4,Y
998,38,22,5,5,Y
999,38,21,3,5,Y
1000,38,18,3,5,Y
1001,38,44,4,4,Y
1002,38,23,4,4,Y
1003,38,19,5,3,Y
1004,39,26,3,4,Y
1005,39,31,4,5,Y
1006,39,21,5,5,Y
1007,39,37,5,4,Y
1008,39,29,5,4,Y
1009,39,36,4,3,Y
1010,39,14,5,3,Y
1011,39,10,4,3,Y
1012,39,38,5,3,Y
1013,39,17,3,5,Y
1014,39,30,3,3,Y
1015,39,37,4,5,Y
1016,39,21,4,5,Y
1017,39,33,5,4,Y
1018,39,36,3,4,Y
1019,39,13,4,3,Y
1020,39,13,4,4,Y
1021,39,10,4,4,Y
1022,39,37,5,4,Y
1023,39,35,3,3,Y
1024,39,43,4,5,Y
1025,39,25,4,5,Y
1026,39,12,3,5,Y
1027,39,21,3,5,Y
1028,39,23,4,4,Y
1029,39,19,5,4,Y
1030,39,32,4,3,Y
1031,39,12,3,3,Y
1032,39,13,4,4,Y
1033,39,10,3,3,Y
1034,39,17,4,4,Y
1035,39,29,3,5,Y
1036,39,35,5,3,Y
1037,39,21,3,4,Y
1038,39,33,3,3,Y
1039,39,20,4,3,Y
1040,39,13,5,5,Y
1041,39,29,4,5,Y
1042,39,16,4,4,Y
1043,40,15,5,3,Y
1044,40,39,3,3,Y
1045,40,32,5,3,Y
1046,40,31,5,3,Y
1047,40,16,3,5,Y
1048,40,15,5,5,Y
1049,40,22,5,3,Y
1050,40,45,5,3,Y
1051,40,24,4,3,Y
1052,40,31,5,3,Y
1053,40,29,3,5,Y
1054,40,26,5,4,Y
1055,40,41,4,4,Y
1056,40,21,5,3,Y
1057,40,18,3,3,Y
1058,40,28,4,3,Y
1059,40,40,5,5,Y
1060,40,39,4,3,Y
1061,40,23,5,3,Y
1062,40,14,4,4,Y
1063,40,24,4,5,Y
1064,40,36,4,3,Y
1065,40,30,4,5,Y
1066,40,17,3,3,Y
1067,40,40,4,4,Y
1068,40,32,5,3,Y
1069,40,18,3,3,Y
1070,40,41,4,4,Y
1071,40,34,3,4,Y
1072,40,21,5,5,Y
1073,41,27,5,4,Y
1074,41,10,4,3,Y
1075,41,31,4,5,Y
1076,41,19,3,3,Y
1077,41,28,5,4,Y
1078,41,15,5,4,Y
1079,41,12,5,3,Y
1080,41,34,5,3,Y
1081,41,21,4,3,Y
1082,41,24,4,5,Y
1083,41,22,4,5,Y
1084,41,22,5,5,Y
1085,41,36,3,3,Y
1086,41,14,3,3,Y
1087,41,24,4,5,Y
1088,41,14,5,4,Y
1089,41,23,3,5,Y
1090,41,16,5,3,Y
1091,41,44,3,5,Y
1092,41,23,4,3,Y
1093,41,16,3,3,Y
1094,41,16,3,5,Y
1095,41,30,5,4,Y
1096,41,30,3,4,Y
1097,41,39,4,4,Y
1098,41,14,3,4,Y
1099,41,19,5,3,Y
1100,41,36,3,5,Y
1101,41,18,5,3,Y
1102,41,42,4,4,Y
1103,41,29,4,3,Y
1104,41,27,4,3,Y
1105,41,15,5,5,Y
1106,41,21,4,5,Y
1107,41,31,3,5,Y
1108,41,34,4,4,Y
1109,41,24,4,4,Y
1110,41,41,3,4,Y
1111,41,11,3,3,Y
1112,42,20,5,4,Y
1113,42,26,5,5,Y
1114,42,18,3,5,Y
1115,42,43,4,4,Y
1116,42,12,3,3,Y
1117,42,40,5,5,Y
1118,42,21,3,5,Y
1119,42,35,4,3,Y
1120,42,44,5,4,Y
1121,42,38,4,3,Y
1122,42,42,5,5,Y
1123,42,16,4,5,Y
1124,42,41,3,3,Y
1125,42,32,4,3,Y
1126,42,21,5,4,Y
1127,42,17,4,5,Y
1128,42,27,4,4,Y
1129,42,21,4,4,Y
1130,42,38,5,5,Y
1131,42,12,3,4,Y
1132,42,20,4,3,Y
1133,42,37,5,3,Y
1134,43,41,3,3,Y
1135,43,35,3,4,Y
1136,43,27,5,4,Y
1137,43,20,4,4,Y
1138,43,19,5,5,Y
1139,43,14,5,4,Y
1140,43,39,4,3,Y
1141,43,10,3,5,Y
1142,43,32,4,4,Y
1143,43,19,3,3,Y
1144,43,23,5,4,Y
1145,43,45,3,3,Y
1146,43,39,5,4,Y
1147,43,22,5,3,Y
1148,43,41,4,3,Y
1149,43,35,3,4,Y
1150,43,41,5,5,Y
1151,43,20,5,3,Y
1152,43,35,4,4,Y
1153,44,15,5,5,Y
1154,44,28,4,5,Y
1155,44,27,3,4,Y
1156,44,27,3,3,Y
1157,44,23,5,4,Y
1158,44,39,3,5,Y
1159,44,27,3,5,Y
1160,44,45,3,3,Y
1161,44,16,5,5,Y
1162,44,42,5,5,Y
1163,44,25,4,4,Y
1164,44,18,4,3,Y
1165,44,31,5,3,Y
1166,44,35,4,3,Y
1167,44,35,4,4,Y
1168,44,20,3,3,Y
1169,44,33,5,4,Y
1170,44,16,4,5,Y
1171,44,28,3,3,Y
1172,44,24,3,3,Y
1173,44,37,4,3,Y
1174,44,36,5,3,Y
1175,44,37,4,4,Y
1176,44,39,3,5,Y
1177,44,40,4,5,Y
1178,44,19,3,5,Y
1179,44,19,4,5,Y
1180,45,15,4,4,Y
1181,45,38,4,3,Y
1182,45,14,5,5,Y
1183,45,12,5,3,Y
1184,45,45,3,4,Y
1185,45,27,5,3,Y
1186,45,34,4,5,Y
1187,45,32,3,5,Y
1188,45,37,4,3,Y
1189,45,35,4,5,Y
1190,45,16,4,3,Y
1191,45,35,5,5,Y
1192,45,13,5,3,Y
1193,45,34,3,3,Y
1194,45,44,5,5,Y
1195,45,36,5,3,Y
1196,45,26,3,5,Y
1197,45,24,4,3,Y
1198,45,20,3,5,Y
1199,45,22,3,3,Y
1200,45,26,4,5,Y
1201,45,33,4,3,Y
1202,45,18,5,4,Y
1203,45,22,4,4,Y
1204,45,43,4,4,Y
1205,45,23,3,3,Y
1206,45,44,4,5,Y
1207,45,13,3,5,Y
1208,45,15,4,4,Y
1209,45,45,5,5,Y
1210,45,39,3,5,Y
1211,45,19,4,3,Y
1212,45,45,3,3,Y
1213,45,27,4,3,Y
1214,45,14,4,5,Y
1215,46,19,4,4,Y
1216,46,34,4,4,Y
1217,46,21,4,5,Y
1218,46,34,4,5,Y
1219,46,33,4,3,Y
1220,46,15,3,4,Y
1221,46,11,3,3,Y
1222,46,12,3,3,Y
1223,46,19,4,4,Y
1224,46,27,4,4,Y
1225,46,18,4,3,Y
1226,46,22,5,3,Y
1227,46,11,3,4,Y
1228,46,20,5,5,Y
1229,46,11,4,3,Y
1230,46,12,5,5,Y
1231,46,31,3,4,Y
1232,46,32,5,5,Y
1233,47,10,3,3,Y
1234,47,10,3,3,Y
1235,47,33,4,5,Y
1236,47,37,5,4,Y
1237,47,14,3,5,Y
1238,47,15,4,5,Y
1239,47,40,3,5,Y
1240,47,12,3,3,Y
1241,47,23,5,3,Y
1242,47,37,5,3,Y
1243,47,39,4,5,Y
1244,47,31,3,5,Y
1245,47,10,5,5,Y
1246,47,40,4,4,Y
1247,47,41,3,3,Y
1248,47,13,4,5,Y
1249,47,13,3,3,Y
1250,47,17,4,5,Y
1251,47,27,3,3,Y
1252,47,37,3,3,Y
1253,47,20,5,4,Y
1254,47,34,4,5,Y
1255,47,45,5,4,Y
1256,47,42,4,3,Y
1257,47,14,3,5,Y
1258,47,40,5,3,Y
1259,47,14,4,5,Y
1260,47,26,3,4,Y
1261,47,29,4,3,Y
1262,47,18,4,3,Y
1263,47,22,3,4,Y
1264,47,16,4,5,Y
1265,47,40,3,4,Y
1266,47,13,4,4,Y
1267,47,28,4,4,Y
1268,47,10,4,4,Y
1269,48,28,4,3,Y
1270,48,44,5,5,Y
1271,48,33,5,4,Y
1272,48,45,4,3,Y
1273,48,41,3,4,Y
1274,48,12,5,5,Y
1275,48,42,3,4,Y
1276,48,22,5,3,Y
1277,48,11,3,4,Y
1278,48,40,5,5,Y
1279,48,41,3,3,Y
1280,48,21,4,3,Y
1281,48,45,5,4,Y
1282,48,22,4,4,Y
1283,48,33,5,4,Y
1284,48,31,5,5,Y
1285,48,45,4,5,Y
1286,48,40,4,4,Y
1287,48,42,4,5,Y
1288,48,29,3,4,Y
1289,48,36,4,3,Y
1290,48,45,3,3,Y
1291,48,14,3,3,Y
1292,48,14,3,5,Y
1293,48,29,5,4,Y
1294,48,22,5,3,Y
1295,48,25,5,3,Y
1296,48,13,5,5,Y
1297,48,25,3,4,Y
1298,48,37,3,5,Y
1299,48,37,5,3,Y
1300,48,39,5,4,Y
1301,48,28,5,5,Y
1302,48,27,4,3,Y
1303,48,28,4,5,Y
1304,48,22,5,3,Y
1305,48,29,4,3,Y
1306,49,27,5,4,Y
1307,49,40,4,5,Y
1308,49,18,3,4,Y
1309,49,15,3,4,Y
1310,49,16,4,5,Y
1311,49,24,5,4,Y
1312,49,42,3,4,Y
1313,49,10,5,3,Y
1314,49,38,4,4,Y
1315,49,22,5,4,Y
1316,49,42,3,5,Y
1317,49,23,5,4,Y
1318,49,20,4,4,Y
1319,49,37,3,3,Y
1320,49,22,4,3,Y
1321,50,31,5,4,Y
1322,50,29,5,5,Y
1323,50,24,4,3,Y
1324,50,44,5,5,Y
1325,50,32,5,4,Y
1326,50,16,3,4,Y
1327,50,15,4,3,Y
1328,50,14,5,3,Y
1329,50,12,5,4,Y
1330,50,42,5,5,Y
1331,50,43,3,5,Y
1332,50,31,5,3,Y
1333,50,42,5,5,Y
1334,50,39,3,4,Y
1335,50,37,4,3,Y
1336,51,25,4,3,Y
1337,51,24,3,5,Y
1338,51,34,3,4,Y
1339,51,23,4,3,Y
1340,51,31,5,3,Y
1341,51,20,3,5,Y
1342,51,28,3,3,Y
1343,51,34,3,4,Y
1344,51,14,5,3,Y
1345,51,30,4,3,Y
1346,51,31,5,3,Y
1347,51,38,3,5,Y
1348,51,21,4,4,Y
1349,51,14,5,4,Y
1350,51,11,5,5,Y
1351,51,33,5,4,Y
1352,51,20,5,4,Y
1353,51,26,4,5,Y
1354,51,43,3,4,Y
1355,52,12,3,4,Y
1356,52,34,4,5,Y
1357,52,14,4,3,Y
1358,52,45,3,3,Y
1359,52,25,5,5,Y
1360,52,20,4,5,Y
1361,52,25,5,3,Y
1362,52,10,5,5,Y
1363,52,13,4,4,Y
1364,52,11,3,5,Y
1365,52,27,5,5,Y
1366,52,40,3,5,Y
1367,52,24,4,5,Y
1368,52,32,3,4,Y
1369,52,15,3,5,Y
1370,52,41,3,5,Y
1371,52,45,3,3,Y
1372,52,36,3,3,Y
1373,52,29,5,5,Y
1374,52,25,3,5,Y
1375,52,14,5,5,Y
1376,52,13,4,5,Y
1377,52,45,3,3,Y
1378,52,10,4,3,Y
1379,52,27,3,4,Y
1380,52,45,3,5,Y
1381,52,21,3,3,Y
1382,52,22,3,3,Y
1383,52,19,4,4,Y
1384,52,27,4,4,Y
1385,52,24,4,3,Y
1386,52,35,5,4,Y
1387,52,41,5,4,Y
1388,52,26,4,3,Y
1389,52,41,3,3,Y
1390,52,18,4,5,Y
1391,52,16,5,4,Y
1392,52,12,3,4,Y
1393,52,18,3,5,Y
1394,53,36,3,3,Y
1395,53,20,5,5,Y
1396,53,25,3,4,Y
1397,53,32,3,5,Y
1398,53,44,5,5,Y
1399,53,14,5,5,Y
1400,53,33,3,4,Y
1401,53,44,3,3,Y
1402,53,38,4,5,Y
1403,53,31,4,3,Y
1404,53,17,5,3,Y
1405,53,23,4,5,Y
1406,53,17,4,5,Y
1407,53,12,3,5,Y
1408,53,45,3,5,Y
1409,53,38,3,5,Y
1410,53,10,3,4,Y
1411,53,17,5,3,Y
1412,53,30,5,3,Y
1413,53,34,4,3,Y
1414,53,12,5,5,Y
1415,54,45,4,4,Y
1416,54,11,3,5,Y
1417,54,16,4,4,Y
1418,54,23,4,4,Y
1419,54,31,3,3,Y
1420,54,41,5,4,Y
1421,54,34,4,4,Y
1422,54,28,4,4,Y
1423,54,42,5,5,Y
1424,54,11,5,5,Y
1425,54,43,3,4,Y
1426,54,24,3,4,Y
1427,54,12,4,4,Y
1428,54,27,4,5,Y
1429,54,41,5,4,Y
1430,54,18,3,4,Y
1431,54,20,3,4,Y
1432,54,40,3,5,Y
1433,54,11,4,5,Y
1434,54,25,5,5,Y
1435,54,19,3,5,Y
1436,54,20,5,3,Y
1437,54,24,4,4,Y
1438,54,30,4,3,Y
1439,54,35,4,4,Y
1440,54,10,5,3,Y
1441,54,37,3,3,Y
1442,54,26,5,3,Y
1443,54,34,4,5,Y
1444,54,30,4,4,Y
1445,54,36,5,3,Y
1446,54,22,3,3,Y
1447,55,29,4,3,Y
1448,55,30,3,3,Y
1449,55,15,4,4,Y
1450,55,30,4,3,Y
1451,55,41,3,4,Y
1452,55,17,3,3,Y
1453,55,28,5,5,Y
1454,55,12,4,3,Y
1455,55,37,3,5,Y
1456,55,33,3,4,Y
1457,55,14,3,4,Y
1458,55,34,4,3,Y
1459,55,10,3,5,Y
1460,55,40,5,4,Y
1461,55,29,5,5,Y
1462,55,18,4,3,Y
1463,55,15,4,5,Y
1464,55,41,5,5,Y
1465,55,38,3,5,Y
1466,55,27,4,3,Y
1467,55,32,3,3,Y
1468,56,12,5,5,Y
1469,56,24,4,3,Y
1470,56,34,5,3,Y
1471,56,36,4,4,Y
1472,56,15,5,4,Y
1473,56,43,4,5,Y
1474,56,37,5,3,Y
1475,56,30,4,5,Y
1476,56,11,4,3,Y
1477,56,10,3,3,Y
1478,56,37,5,3,Y
1479,56,16,4,4,Y
1480,56,38,5,4,Y
1481,56,41,5,4,Y
1482,56,13,5,5,Y
1483,56,22,5,5,Y
1484,56,43,5,5,Y
1485,56,39,4,3,Y
1486,56,11,4,4,Y
1487,56,24,4,3,Y
1488,56,15,3,4,Y
1489,56,23,5,3,Y
1490,56,19,5,4,Y
1491,56,25,3,5,Y
1492,56,10,3,5,Y
1493,56,40,4,3,Y
1494,56,37,4,4,Y
1495,56,26,4,4,Y
1496,56,22,4,4,Y
1497,56,45,3,3,Y
1498,56,31,5,5,Y
1499,56,29,5,3,Y
1500,57,40,5,5,Y
1501,57,14,5,5,Y
1502,57,45,5,5,Y
1503,57,26,5,5,Y
1504,57,35,3,4,Y
1505,57,41,5,4,Y
1506,57,22,3,5,Y
1507,57,42,5,4,Y
1508,57,24,4,5,Y
1509,57,42,5,4,Y
1510,57,38,4,4,Y
1511,57,21,3,3,Y
1512,57,29,3,3,Y
1513,57,14,3,5,Y
1514,57,37,4,4,Y
1515,57,29,4,4,Y
1516,57,35,5,5,Y
1517,57,31,3,3,Y
1518,57,33,5,4,Y
1519,57,18,4,3,Y
1520,57,17,3,4,Y
1521,57,11,5,4,Y
1522,57,10,5,4,Y
1523,57,21,5,3,Y
1524,57,26,3,4,Y
1525,57,28,3,3,Y
1526,57,25,4,5,Y
1527,57,37,4,3,Y
1528,57,10,5,4,Y
1529,57,38,3,4,Y
1530,57,45,5,3,Y
1531,57,27,4,4,Y
1532,57,12,5,4,Y
1533,57,37,5,3,Y
1534,57,23,5,4,Y
1535,57,18,3,4,Y
1536,58,17,4,4,Y
1537,58,13,4,5,Y
1538,58,13,3,5,Y
1539,58,15,5,3,Y
1540,58,28,5,3,Y
1541,58,38,5,3,Y
1542,58,21,5,5,Y
1543,58,14,4,5,Y
1544,58,11,3,5,Y
1545,58,21,3,4,Y
1546,58,30,4,3,Y
1547,58,40,3,5,Y
1548,58,45,5,5,Y
1549,58,21,3,5,Y
1550,58,18,4,5,Y
1551,58,44,5,5,Y
1552,58,34,3,3,Y
1553,58,30,3,5,Y
1554,58,26,3,3,Y
1555,58,35,3,4,Y
1556,58,28,5,5,Y
1557,58,41,4,4,Y
1558,58,11,5,5,Y
1559,58,24,3,4,Y
1560,58,14,3,3,Y
1561,58,44,3,4,Y
1562,58,29,4,3,Y
1563,58,27,4,3,Y
1564,58,17,5,4,Y
1565,58,28,4,4,Y
1566,58,32,3,4,Y
1567,59,15,5,4,Y
1568,59,27,4,3,Y
1569,59,10,5,5,Y
1570,59,43,3,5,Y
1571,59,39,4,5,Y
1572,59,34,3,4,Y
1573,59,31,4,5,Y
1574,59,10,4,3,Y
1575,59,19,3,4,Y
1576,59,14,3,3,Y
1577,59,43,4,4,Y
1578,59,15,3,3,Y
1579,59,12,5,5,Y
1580,59,11,5,5,Y
1581,59,43,3,4,Y
1582,59,26,4,3,Y
1583,59,20,3,5,Y
1584,59,27,3,4,Y
1585,59,14,4,4,Y
1586,59,17,3,5,Y
1587,59,10,3,5,Y
1588,59,37,5,5,Y
1589,59,10,3,3,Y
1590,59,24,5,4,Y
1591,59,33,4,3,Y
1592,59,18,3,4,Y
1593,59,16,3,4,Y
1594,59,17,3,3,Y
1595,59,19,5,3,Y
1596,59,27,5,4,Y
1597,59,26,3,3,Y
1598,59,42,4,4,Y
1599,59,34,4,5,Y
1600,59,42,5,3,Y
1601,59,27,5,3,Y
1602,59,27,3,5,Y
1603,59,31,3,5,Y
1604,59,19,3,5,Y
1605,59,18,3,4,Y
1606,59,20,3,4,Y
1607,60,19,5,3,Y
1608,60,18,3,3,Y
1609,60,21,5,3,Y
1610,60,33,4,5,Y
1611,60,32,5,4,Y
1612,60,15,3,5,Y
1613,60,11,3,3,Y
1614,60,11,3,3,Y
1615,60,29,5,4,Y
1616,60,32,4,3,Y
1617,60,17,5,4,Y
1618,60,13,4,3,Y
1619,60,29,5,3,Y
1620,60,26,4,3,Y
1621,60,40,3,3,Y
1622,60,30,3,4,Y
1623,60,33,4,3,Y
1624,60,19,4,4,Y
1625,60,13,5,5,Y
1626,60,15,3,4,Y
1627,60,36,4,5,Y
1628,60,44,3,3,Y
1629,60,16,4,4,Y
1630,60,43,4,4,Y
1631,60,26,3,5,Y
1632,60,34,4,5,Y
1633,60,28,5,3,Y
1634,60,29,3,5,Y
1635,60,20,4,4,Y
1636,60,31,5,5,Y
1637,60,33,4,3,Y
1638,60,25,3,3,Y
1639,60,37,4,5,Y
1640,60,35,5,4,Y
1641,60,16,3,5,Y
1642,60,16,5,4,Y
1643,60,22,3,3,Y
1644,60,40,5,5,Y
1645,60,14,3,4,Y
1646,61,17,3,5,Y
1647,61,42,3,4,Y
1648,61,28,3,4,Y
1649,61,15,5,4,Y
1650,61,41,3,3,Y
1651,61,17,3,4,Y
1652,61,33,4,5,Y
1653,61,42,4,5,Y
1654,61,28,5,4,Y
1655,61,36,3,3,Y
1656,61,14,5,3,Y
1657,61,24,4,5,Y
1658,61,31,4,5,Y
1659,61,31,5,3,Y
1660,61,28,3,4,Y
1661,61,40,3,4,Y
1662,61,37,4,5,Y
1663,61,17,3,4,Y
1664,61,40,3,3,Y
1665,61,18,4,4,Y
1666,61,32,5,4,Y
1667,61,10,4,5,Y
1668,61,32,3,5,Y
1669,61,31,4,5,Y
1670,61,13,5,4,Y
1671,61,40,5,5,Y
1672,61,32,4,5,Y
1673,61,10,5,3,Y
1674,61,25,5,4,Y
1675,61,43,5,5,Y
1676,61,37,4,3,Y
1677,61,44,3,3,Y
1678,62,33,3,5,Y
1679,62,14,4,4,Y
1680,62,44,3,4,Y
1681,62,43,3,3,Y
1682,62,40,3,3,Y
1683,62,16,5,3,Y
1684,62,33,3,5,Y
1685,62,14,3,4,Y
1686,62,10,3,3,Y
1687,62,12,3,5,Y
1688,62,26,4,3,Y
1689,62,27,5,4,Y
1690,62,24,3,3,Y
1691,62,37,3,3,Y
1692,62,39,4,3,Y
1693,62,14,5,4,Y
1694,62,24,5,3,Y
1695,62,30,3,5,Y
1696,62,15,3,5,Y
1697,63,35,5,4,Y
1698,63,25,5,4,Y
1699,63,36,3,3,Y
1700,63,45,3,3,Y
1701,63,45,4,3,Y
1702,63,36,5,4,Y
1703,63,11,5,4,Y
1704,63,25,5,5,Y
1705,63,11,5,4,Y
1706,63,34,3,4,Y
1707,63,24,5,5,Y
1708,63,12,4,3,Y
1709,63,42,5,4,Y
1710,63,36,3,4,Y
1711,63,26,4,3,Y
1712,63,39,4,4,Y
1713,63,42,5,5,Y
1714,63,13,5,5,Y
1715,63,43,5,5,Y
1716,63,34,4,3,Y
1717,63,23,4,3,Y
1718,63,15,5,4,Y
1719,63,19,5,4,Y
1720,63,27,3,4,Y
1721,63,29,3,3,Y
1722,63,29,5,3,Y
1723,63,39,5,4,Y
1724,63,17,3,5,Y
1725,63,32,3,5,Y
1726,63,15,5,5,Y
1727,63,42,5,4,Y
1728,63,40,3,5,Y
1729,63,43,5,3,Y
1730,63,22,5,5,Y
1731,63,25,4,4,Y
1732,63,12,3,4,Y
1733,64,13,3,4,Y
1734,64,21,5,5,Y
1735,64,42,3,5,Y
1736,64,28,4,3,Y
1737,64,28,3,4,Y
1738,64,30,3,3,Y
1739,64,21,5,3,Y
1740,64,27,5,3,Y
1741,64,12,3,3,Y
1742,64,15,4,5,Y
1743,64,17,3,3,Y
1744,64,33,5,4,Y
1745,64,22,5,5,Y
1746,64,16,3,5,Y
1747,64,23,3,3,Y
1748,64,27,3,3,Y
1749,64,43,4,4,Y
1750,64,29,4,3,Y
1751,64,36,5,4,Y
1752,64,34,5,4,Y
1753,64,11,4,4,Y
1754,64,15,4,4,Y
1755,64,45,4,5,Y
1756,64,16,4,4,Y
1757,64,26,4,5,Y
1758,64,36,4,3,Y
1759,64,25,3,5,Y
1760,65,26,3,4,Y
1761,65,13,3,5,Y
1762,65,28,4,5,Y
1763,65,16,3,4,Y
1764,65,15,3,4,Y
1765,65,13,4,4,Y
1766,65,24,5,3,Y
1767,65,30,5,5,Y
1768,65,37,5,5,Y
1769,65,34,5,4,Y
1770,65,16,4,4,Y
1771,65,31,4,5,Y
1772,65,12,5,3,Y
1773,65,23,4,4,Y
1774,65,11,5,5,Y
1775,65,14,3,3,Y
1776,65,42,5,4,Y
1777,65,37,4,4,Y
1778,65,30,3,5,Y
1779,65,44,3,4,Y
1780,65,35,4,4,Y
1781,65,40,3,4,Y
1782,65,20,4,5,Y
1783,65,19,5,5,Y
1784,65,38,4,5,Y
1785,65,30,4,4,Y
1786,65,45,4,5,Y
1787,65,42,5,4,Y
1788,65,45,5,5,Y
1789,65,15,3,3,Y
1790,65,36,5,3,Y
1791,65,40,5,4,Y
1792,65,14,4,4,Y
1793,65,11,3,3,Y
1794,66,13,3,4,Y
1795,66,20,5,4,Y
1796,66,37,4,5,Y
1797,66,41,3,4,Y
1798,66,35,4,5,Y
1799,66,24,5,4,Y
1800,66,41,4,4,Y
1801,66,25,4,5,Y
1802,66,18,4,5,Y
1803,66,11,5,4,Y
1804,66,27,4,5,Y
1805,66,17,4,4,Y
1806,66,34,3,3,Y
1807,66,30,5,5,Y
1808,66,39,4,4,Y
1809,66,24,5,4,Y
1810,66,41,5,3,Y
1811,66,35,4,3,Y
1812,66,45,4,4,Y
1813,66,32,3,4,Y
1814,66,21,5,5,Y
1815,66,26,5,3,Y
1816,66,26,5,4,Y
1817,66,18,4,4,Y
1818,66,12,4,3,Y
1819,66,11,3,3,Y
1820,66,33,4,4,Y
1821,66,45,3,4,Y
1822,66,31,3,4,Y
1823,66,23,4,3,Y
1824,66,36,4,4,Y
1825,66,21,3,5,Y
1826,66,39,4,3,Y
1827,66,33,3,4,Y
1828,66,38,3,5,Y
1829,67,31,3,5,Y
1830,67,26,5,4,Y
1831,67,19,4,5,Y
1832,67,16,4,5,Y
1833,67,32,5,4,Y
1834,67,25,4,3,Y
1835,67,36,3,3,Y
1836,67,32,5,4,Y
1837,67,44,4,3,Y
1838,67,10,4,4,Y
1839,67,25,5,4,Y
1840,67,43,5,4,Y
1841,67,42,4,3,Y
1842,67,45,5,5,Y
1843,67,35,3,4,Y
1844,67,20,5,5,Y
1845,67,36,4,3,Y
1846,67,19,4,4,Y
1847,67,22,3,3,Y
1848,67,22,4,3,Y
1849,67,18,4,5,Y
1850,67,17,3,3,Y
1851,67,32,3,3,Y
1852,67,27,5,5,Y
1853,67,20,4,4,Y
1854,67,31,5,5,Y
1855,67,41,3,4,Y
1856,67,19,4,5,Y
1857,67,36,3,5,Y
1858,67,34,5,4,Y
1859,67,36,3,4,Y
1860,67,26,4,5,Y
1861,67,33,3,4,Y
1862,67,25,3,4,Y
1863,67,34,5,5,Y
1864,67,28,5,3,Y
1865,68,28,5,3,Y
1866,68,45,3,3,Y
1867,68,19,3,4,Y
1868,68,42,5,3,Y
1869,68,22,4,5,Y
1870,68,19,5,5,Y
1871,68,16,3,4,Y
1872,68,17,5,3,Y
1873,68,27,5,4,Y
1874,68,18,3,3,Y
1875,68,12,4,3,Y
1876,68,14,4,4,Y
1877,68,14,4,4,Y
1878,68,24,4,3,Y
1879,68,18,3,3,Y
1880,68,43,3,5,Y
1881,68,45,3,5,Y
1882,68,19,5,3,Y
1883,68,23,3,3,Y
1884,69,42,4,4,Y
1885,69,18,4,4,Y
1886,69,26,4,3,Y
1887,69,38,5,5,Y
1888,69,32,5,4,Y
1889,69,39,3,5,Y
1890,69,25,4,3,Y
1891,69,38,3,3,Y
1892,69,43,5,5,Y
1893,69,40,5,4,Y
1894,69,31,3,4,Y
1895,69,18,5,4,Y
1896,69,29,4,4,Y
1897,69,44,3,4,Y
1898,69,31,3,4,Y
1899,69,37,5,3,Y
1900,69,40,3,4,Y
1901,69,45,3,4,Y
1902,69,19,5,3,Y
1903,69,17,4,5,Y
1904,69,23,3,3,Y
1905,69,35,5,3,Y
1906,69,11,5,3,Y
1907,69,39,5,4,Y
1908,69,45,4,3,Y
1909,69,33,5,3,Y
1910,69,17,3,3,Y
1911,69,40,3,3,Y
1912,69,27,3,5,Y
1913,69,42,3,4,Y
1914,69,29,3,3,Y
1915,69,37,4,3,Y
1916,70,40,4,5,Y
1917,70,32,4,4,Y
1918,70,20,4,4,Y
1919,70,16,3,5,Y
1920,70,23,5,3,Y
1921,70,30,4,5,Y
1922,70,13,4,3,Y
1923,70,43,4,5,Y
1924,70,29,4,3,Y
1925,70,18,4,3,Y
1926,70,19,4,5,Y
1927,70,23,4,4,Y
1928,70,40,5,4,Y
1929,70,25,4,5,Y
1930,70,33,3,5,Y
1931,70,22,5,3,Y
1932,70,38,3,4,Y
1933,70,28,4,5,Y
1934,70,45,5,3,Y
1935,70,36,5,4,Y
1936,70,45,5,5,Y
1937,70,33,3,5,Y
1938,70,33,4,3,Y
1939,71,21,4,5,Y
1940,71,23,5,3,Y
1941,71,34,5,5,Y
1942,71,41,3,3,Y
1943,71,32,3,3,Y
1944,71,35,3,3,Y
1945,71,16,4,3,Y
1946,71,35,4,3,Y
1947,71,42,3,3,Y
1948,71,38,4,5,Y
1949,71,25,3,4,Y
1950,71,43,4,3,Y
1951,71,38,3,4,Y
1952,71,39,4,3,Y
1953,71,37,4,3,Y
1954,71,12,4,5,Y
1955,71,17,5,4,Y
1956,71,16,4,5,Y
1957,71,14,5,5,Y
1958,71,20,5,5,Y
1959,72,37,4,4,Y
1960,72,12,5,5,Y
1961,72,33,5,4,Y
1962,72,27,3,3,Y
1963,72,16,3,3,Y
1964,72,22,4,3,Y
1965,72,37,5,5,Y
1966,72,14,4,5,Y
1967,72,17,4,3,Y
1968,72,21,3,5,Y
1969,72,34,5,5,Y
1970,72,38,4,5,Y
1971,72,34,3,4,Y
1972,72,17,5,4,Y
1973,72,35,4,5,Y
1974,72,34,4,4,Y
1975,72,19,3,5,Y
1976,72,42,4,3,Y
1977,72,14,4,4,Y
1978,72,43,3,3,Y
1979,72,37,4,3,Y
1980,72,23,5,5,Y
1981,72,26,4,4,Y
1982,72,24,3,3,Y
1983,72,26,4,5,Y
1984,72,14,5,4,Y
1985,72,38,3,4,Y
1986,72,14,5,4,Y
1987,72,37,4,5,Y
1988,72,43,5,5,Y
1989,72,17,5,3,Y
1990,72,22,4,3,Y
1991,72,15,4,5,Y
1992,72,36,3,3,Y
1993,72,24,3,5,Y
1994,72,36,3,5,Y
1995,72,25,3,3,Y
1996,72,29,5,3,Y
1997,73,36,4,5,Y
1998,73,16,3,3,Y
1999,73,35,4,3,Y
2000,73,16,3,5,Y
2001,73,13,4,5,Y
2002,73,18,3,5,Y
2003,73,15,3,3,Y
2004,73,38,5,4,Y
2005,73,34,4,5,Y
2006,73,22,5,5,Y
2007,73,16,3,4,Y
2008,73,20,5,3,Y
2009,73,41,4,4,Y
2010,73,37,5,4,Y
2011,73,33,4,3,Y
2012,73,30,5,3,Y
2013,73,11,5,5,Y
2014,73,38,5,4,Y
2015,73,34,4,3,Y
2016,73,15,4,4,Y
2017,73,16,3,4,Y
2018,73,43,3,4,Y
2019,73,38,3,3,Y
2020,73,18,4,3,Y
2021,73,39,4,5,Y
2022,73,14,3,3,Y
2023,74,37,4,5,Y
2024,74,23,4,5,Y
2025,74,19,5,5,Y
2026,74,20,3,5,Y
2027,74,10,4,5,Y
2028,74,41,3,3,Y
2029,74,19,5,4,Y
2030,74,34,5,4,Y
2031,74,24,3,4,Y
2032,74,23,3,3,Y
2033,74,21,3,5,Y
2034,74,25,5,5,Y
2035,74,20,4,5,Y
2036,74,16,5,3,Y
2037,74,41,3,3,Y
2038,75,20,4,4,Y
2039,75,41,3,5,Y
2040,75,22,5,4,Y
2041,75,31,4,3,Y
2042,75,31,3,3,Y
2043,75,18,5,3,Y
2044,75,12,4,5,Y
2045,75,24,4,4,Y
2046,75,44,3,5,Y
2047,75,31,5,4,Y
2048,75,36,4,4,Y
2049,75,33,3,3,Y
2050,75,10,3,5,Y
2051,75,31,3,4,Y
2052,75,23,3,4,Y
2053,75,38,5,5,Y
2054,75,10,3,3,Y
2055,75,21,3,3,Y
2056,75,40,5,4,Y
2057,75,18,5,5,Y
2058,75,18,4,4,Y
2059,75,40,5,5,Y
2060,75,12,4,3,Y
2061,75,23,3,5,Y
2062,75,12,3,5,Y
2063,75,43,5,3,Y
2064,75,41,3,3,Y
2065,75,13,4,4,Y
2066,75,42,3,3,Y
2067,75,30,5,4,Y
2068,75,40,3,4,Y
2069,75,16,4,4,Y
2070,75,12,3,3,Y
2071,76,10,4,5,Y
2072,76,39,4,4,Y
2073,76,11,3,4,Y
2074,76,34,5,5,Y
2075,76,37,5,5,Y
2076,76,12,3,3,Y
2077,76,39,3,3,Y
2078,76,31,3,4,Y
2079,76,20,4,3,Y
2080,76,38,5,5,Y
2081,76,22,3,3,Y
2082,76,37,3,4,Y
2083,76,44,5,4,Y
2084,76,40,3,5,Y
2085,76,10,3,5,Y
2086,76,16,4,4,Y
2087,76,12,3,5,Y
2088,76,42,3,5,Y
2089,76,10,5,3,Y
2090,76,15,3,4,Y
2091,76,22,4,5,Y
2092,76,13,4,3,Y
2093,76,20,4,3,Y
2094,76,20,3,3,Y
2095,76,31,4,3,Y
2096,76,38,5,4,Y
2097,76,22,5,3,Y
2098,76,39,5,4,Y
2099,76,24,3,4,Y
2100,76,37,3,3,Y
2101,76,38,5,4,Y
2102,76,23,4,5,Y
2103,76,43,3,5,Y
2104,76,17,4,5,Y
2105,76,30,4,4,Y
2106,76,37,4,5,Y
2107,76,29,4,3,Y
2108,76,17,4,3,Y
2109,77,20,5,3,Y
2110,77,23,5,5,Y
2111,77,41,4,5,Y
2112,77,33,4,5,Y
2113,77,28,4,5,Y
2114,77,28,4,5,Y
2115,77,42,3,5,Y
2116,77,39,4,4,Y
2117,77,11,3,3,Y
2118,77,10,3,4,Y
2119,77,25,5,5,Y
2120,77,19,4,5,Y
2121,77,40,3,4,Y
2122,77,23,4,5,Y
2123,77,45,4,4,Y
2124,77,23,4,4,Y
2125,77,42,3,4,Y
2126,77,20,4,5,Y
2127,77,32,4,5,Y
2128,77,27,3,5,Y
2129,77,42,4,5,Y
2130,77,24,5,3,Y
2131,77,18,4,3,Y
2132,77,17,4,3,Y
2133,77,41,4,3,Y
2134,77,24,4,5,Y
2135,77,21,5,4,Y
2136,77,20,3,3,Y
2137,77,16,3,3,Y
2138,77,21,4,3,Y
2139,77,18,4,5,Y
2140,77,26,4,4,Y
2141,77,40,3,3,Y
2142,77,28,4,5,Y
2143,77,20,3,4,Y
2144,77,23,3,4,Y
2145,77,28,4,3,Y
2146,78,15,5,4,Y
2147,78,31,3,3,Y
2148,78,16,4,3,Y
2149,78,43,5,3,Y
2150,78,26,5,5,Y
2151,78,36,3,4,Y
2152,78,25,3,3,Y
2153,78,20,4,4,Y
2154,78,38,3,3,Y
2155,78,31,5,3,Y
2156,78,29,3,5,Y
2157,78,32,4,4,Y
2158,78,10,4,5,Y
2159,78,19,5,4,Y
2160,78,42,5,4,Y
2161,78,11,4,3,Y
2162,78,13,3,4,Y
2163,78,41,5,4,Y
2164,78,26,4,3,Y
2165,78,32,5,4,Y
2166,78,32,3,3,Y
2167,78,12,5,5,Y
2168,78,26,5,4,Y
2169,78,37,4,4,Y
2170,78,21,3,4,Y
2171,78,16,3,3,Y
2172,78,16,3,3,Y
2173,78,21,4,4,Y
2174,78,22,3,3,Y
2175,78,35,4,4,Y
2176,78,34,3,5,Y
2177,79,36,5,4,Y
2178,79,20,3,3,Y
2179,79,13,4,5,Y
2180,79,25,5,3,Y
2181,79,41,3,4,Y
2182,79,22,5,3,Y
2183,79,23,4,5,Y
2184,79,37,5,5,Y
2185,79,18,3,3,Y
2186,79,31,3,4,Y
2187,79,38,3,4,Y
2188,79,30,5,4,Y
2189,79,19,5,4,Y
2190,79,32,5,4,Y
2191,79,11,3,3,Y
2192,79,12,3,5,Y
2193,79,18,4,5,Y
2194,79,12,4,5,Y
2195,79,18,3,4,Y
2196,79,34,3,3,Y
2197,79,11,4,3,Y
2198,79,29,5,3,Y
2199,79,10,3,4,Y
2200,79,21,3,4,Y
2201,79,43,5,5,Y
2202,79,15,3,5,Y
2203,79,42,4,5,Y
2204,80,34,4,5,Y
2205,80,31,3,3,Y
2206,80,20,5,4,Y
2207,80,19,4,5,Y
2208,80,15,4,5,Y
2209,80,34,3,4,Y
2210,80,30,5,3,Y
2211,80,19,4,4,Y
2212,80,43,4,3,Y
2213,80,37,3,3,Y
2214,80,30,3,5,Y
2215,80,42,4,5,Y
2216,80,39,3,4,Y
2217,80,14,3,5,Y
2218,80,30,5,3,Y
2219,80,17,5,4,Y
2220,80,15,3,3,Y
2221,80,38,4,4,Y
2222,80,45,3,5,Y
2223,80,24,4,5,Y
2224,80,10,5,3,Y
2225,80,31,3,4,Y
2226,80,44,4,3,Y
2227,80,16,5,4,Y
2228,80,28,4,4,Y
2229,81,37,5,5,Y
2230,81,38,5,4,Y
2231,81,26,4,3,Y
2232,81,25,5,5,Y
2233,81,36,4,4,Y
2234,81,12,4,5,Y
2235,81,12,3,5,Y
2236,81,21,3,4,Y
2237,81,28,3,4,Y
2238,81,28,3,4,Y
2239,81,40,4,5,Y
2240,81,18,3,4,Y
2241,81,31,3,4,Y
2242,81,15,4,3,Y
2243,81,31,4,5,Y
2244,81,44,4,4,Y
2245,81,27,3,4,Y
2246,81,15,4,4,Y
2247,81,26,4,4,Y
2248,81,23,4,5,Y
2249,81,10,4,4,Y
2250,81,25,3,3,Y
2251,81,44,5,5,Y
2252,82,34,5,3,Y
2253,82,40,4,3,Y
2254,82,37,4,4,Y
2255,82,13,4,5,Y
2256,82,40,3,5,Y
2257,82,35,5,4,Y
2258,82,21,4,3,Y
2259,82,28,5,3,Y
2260,82,10,5,5,Y
2261,82,17,4,3,Y
2262,82,38,3,5,Y
2263,82,28,3,4,Y
2264,82,32,5,3,Y
2265,82,18,3,4,Y
2266,82,34,3,5,Y
2267,82,15,3,3,Y
2268,83,24,3,4,Y
2269,83,11,3,3,Y
2270,83,12,3,4,Y
2271,83,32,5,4,Y
2272,83,21,4,5,Y
2273,83,16,3,5,Y
2274,83,17,5,3,Y
2275,83,12,3,5,Y
2276,83,43,3,3,Y
2277,83,25,5,4,Y
2278,83,17,4,3,Y
2279,83,27,3,4,Y
2280,83,42,5,5,Y
2281,83,14,3,3,Y
2282,83,22,4,5,Y
2283,83,28,3,5,Y
2284,83,34,4,5,Y
2285,83,29,3,5,Y
2286,83,18,5,4,Y
2287,83,15,5,3,Y
2288,83,10,5,3,Y
2289,83,22,5,3,Y
2290,83,35,5,4,Y
2291,83,32,5,3,Y
2292,83,11,3,4,Y
2293,83,43,4,5,Y
2294,83,44,3,3,Y
2295,83,39,4,4,Y
2296,83,11,5,3,Y
2297,83,23,3,5,Y
2298,83,24,3,3,Y
2299,83,26,3,3,Y
2300,83,20,4,5,Y
2301,83,20,3,5,Y
2302,84,10,3,5,Y
2303,84,40,3,3,Y
2304,84,36,3,4,Y
2305,84,40,4,5,Y
2306,84,12,4,3,Y
2307,84,20,5,5,Y
2308,84,32,4,3,Y
2309,84,11,3,3,Y
2310,84,29,4,4,Y
2311,84,33,5,3,Y
2312,84,17,5,4,Y
2313,84,16,3,4,Y
2314,84,40,5,5,Y
2315,84,28,3,3,Y
2316,84,42,3,3,Y
2317,84,32,3,3,Y
2318,84,22,3,4,Y
2319,84,15,3,3,Y
2320,84,19,4,3,Y
2321,84,15,3,5,Y
2322,84,16,4,3,Y
2323,84,33,5,4,Y
2324,84,32,5,3,Y
2325,84,20,5,3,Y
2326,84,26,3,5,Y
2327,84,29,3,4,Y
2328,84,12,5,5,Y
2329,84,16,3,5,Y
2330,84,37,5,4,Y
2331,84,23,3,5,Y
2332,84,34,5,3,Y
2333,84,41,5,4,Y
2334,84,20,3,5,Y
2335,84,41,4,3,Y
2336,84,19,3,3,Y
2337,85,33,4,3,Y
2338,85,24,3,5,Y
2339,85,28,3,4,Y
2340,85,28,4,5,Y
2341,85,10,4,4,Y
2342,85,14,4,3,Y
2343,85,38,3,5,Y
2344,85,40,3,3,Y
2345,85,30,5,5,Y
2346,85,42,3,3,Y
2347,85,38,3,4,Y
2348,85,41,4,5,Y
2349,85,18,3,3,Y
2350,85,45,4,3,Y
2351,85,29,4,4,Y
2352,85,30,4,5,Y
2353,85,45,5,5,Y
2354,85,44,3,4,Y
2355,85,25,3,3,Y
2356,85,34,5,5,Y
2357,85,12,3,5,Y
2358,85,18,3,3,Y
2359,85,10,4,4,Y
2360,85,31,5,4,Y
2361,85,18,3,4,Y
2362,85,11,5,4,Y
2363,85,41,3,5,Y
2364,85,41,5,3,Y
2365,85,43,3,3,Y
2366,85,17,5,4,Y
2367,85,12,4,5,Y
2368,85,39,4,3,Y
2369,85,44,5,3,Y
2370,85,39,4,3,Y
2371,85,12,4,3,Y
2372,85,21,4,5,Y
2373,86,23,5,3,Y
2374,86,37,3,4,Y
2375,86,39,4,5,Y
2376,86,31,3,3,Y
2377,86,31,4,5,Y
2378,86,20,4,5,Y
2379,86,18,5,5,Y
2380,86,19,5,3,Y
2381,86,39,5,5,Y
2382,86,11,3,5,Y
2383,86,32,4,4,Y
2384,86,22,5,4,Y
2385,86,41,3,3,Y
2386,86,37,4,4,Y
2387,86,26,5,5,Y
2388,86,35,3,5,Y
2389,86,35,3,4,Y
2390,86,13,4,3,Y
2391,86,39,4,5,Y
2392,86,36,5,3,Y
2393,86,22,5,3,Y
2394,86,44,3,5,Y
2395,86,27,5,5,Y
2396,86,13,3,5,Y
2397,86,12,3,3,Y
2398,86,33,5,5,Y
2399,86,12,4,5,Y
2400,86,29,4,3,Y
2401,86,27,5,5,Y
2402,86,24,5,4,Y
2403,87,20,3,4,Y
2404,87,36,4,5,Y
2405,87,21,4,5,Y
2406,87,20,5,4,Y
2407,87,42,3,5,Y
2408,87,42,4,5,Y
2409,87,45,5,3,Y
2410,87,41,5,4,Y
2411,87,34,3,4,Y
2412,87,32,3,3,Y
2413,87,29,3,3,Y
2414,87,15,5,3,Y
2415,87,16,3,3,Y
2416,87,11,3,4,Y
2417,87,16,4,3,Y
2418,87,22,3,5,Y
2419,87,10,3,3,Y
2420,87,31,5,3,Y
2421,87,21,3,3,Y
2422,87,31,3,3,Y
2423,87,17,3,3,Y
2424,87,12,3,5,Y
2425,87,43,4,5,Y
2426,87,31,5,4,Y
2427,87,26,4,3,Y
2428,87,15,3,4,Y
2429,87,33,5,4,Y
2430,87,40,5,4,Y
2431,87,22,3,4,Y
2432,88,34,5,4,Y
2433,88,44,5,5,Y
2434,88,10,3,5,Y
2435,88,20,4,5,Y
2436,88,10,5,5,Y
2437,88,30,5,5,Y
2438,88,45,4,5,Y
2439,88,33,4,4,Y
2440,88,22,3,4,Y
2441,88,27,4,5,Y
2442,88,36,5,5,Y
2443,88,44,5,4,Y
2444,88,14,3,4,Y
2445,88,23,4,4,Y
2446,88,29,4,4,Y
2447,88,10,3,5,Y
2448,88,45,4,3,Y
2449,88,37,3,4,Y
2450,88,30,3,5,Y
2451,88,40,4,3,Y
2452,88,43,3,3,Y
2453,88,37,4,3,Y
2454,88,27,5,3,Y
2455,88,29,4,3,Y
2456,88,39,4,4,Y
2457,88,19,3,4,Y
2458,88,35,4,5,Y
2459,88,21,4,3,Y
2460,88,28,3,4,Y
2461,88,30,3,5,Y
2462,88,32,4,4,Y
2463,88,31,4,3,Y
2464,88,22,5,3,Y
2465,88,26,4,5,Y
2466,88,36,4,4,Y
2467,88,18,5,4,Y
2468,89,15,3,3,Y
2469,89,32,3,5,Y
2470,89,31,5,3,Y
2471,89,39,5,3,Y
2472,89,11,3,4,Y
2473,89,38,4,4,Y
2474,89,35,4,5,Y
2475,89,10,5,3,Y
2476,89,40,4,4,Y
2477,89,33,3,3,Y
2478,89,35,4,5,Y
2479,89,38,3,4,Y
2480,89,20,5,5,Y
2481,89,39,3,5,Y
2482,89,14,4,3,Y
2483,89,21,3,4,Y
2484,89,40,4,5,Y
2485,89,23,4,4,Y
2486,89,36,3,5,Y
2487,89,28,4,4,Y
2488,89,14,4,4,Y
2489,89,42,5,4,Y
2490,89,39,4,4,Y
2491,89,35,3,4,Y
2492,89,10,5,4,Y
2493,90,16,4,3,Y
2494,90,40,3,4,Y
2495,90,25,3,4,Y
2496,90,20,3,5,Y
2497,90,23,5,4,Y
2498,90,22,3,5,Y
2499,90,36,4,4,Y
2500,90,15,4,5,Y
2501,90,27,3,3,Y
2502,90,34,5,3,Y
2503,90,16,5,3,Y
2504,90,15,5,5,Y
2505,90,25,3,4,Y
2506,90,14,3,5,Y
2507,90,41,4,4,Y
2508,90,22,5,5,Y
2509,90,18,5,4,Y
2510,90,22,5,3,Y
2511,90,38,3,3,Y
2512,90,24,3,4,Y
2513,91,44,5,5,Y
2514,91,27,3,4,Y
2515,91,17,3,3,Y
2516,91,28,5,4,Y
2517,91,40,4,5,Y
2518,91,38,3,4,Y
2519,91,36,3,4,Y
2520,91,17,4,4,Y
2521,91,36,4,4,Y
2522,91,25,4,5,Y
2523,91,31,5,4,Y
2524,91,17,5,5,Y
2525,91,10,5,5,Y
2526,91,22,5,3,Y
2527,91,36,5,5,Y
2528,91,37,3,4,Y
2529,91,25,3,5,Y
2530,91,44,3,5,Y
2531,91,40,5,4,Y
2532,91,35,5,4,Y
2533,91,38,5,5,Y
2534,91,12,3,5,Y
2535,91,17,5,5,Y
2536,92,37,4,3,Y
2537,92,28,3,3,Y
2538,92,24,3,4,Y
2539,92,36,4,5,Y
2540,92,32,3,5,Y
2541,92,13,3,3,Y
2542,92,38,4,4,Y
2543,92,31,4,5,Y
2544,92,19,4,4,Y
2545,92,36,4,3,Y
2546,92,39,5,3,Y
2547,92,11,3,3,Y
2548,92,30,3,5,Y
2549,92,30,3,4,Y
2550,92,17,4,4,Y
2551,92,30,5,3,Y
2552,92,10,5,3,Y
2553,92,16,4,3,Y
2554,92,42,3,4,Y
2555,92,38,3,4,Y
2556,92,21,5,4,Y
2557,92,27,3,5,Y
2558,92,15,5,5,Y
2559,92,14,4,5,Y
2560,92,34,5,5,Y
2561,92,16,4,4,Y
2562,92,25,3,5,Y
2563,93,34,5,3,Y
2564,93,38,5,4,Y
2565,93,36,3,4,Y
2566,93,16,3,5,Y
2567,93,39,4,3,Y
2568,93,42,4,5,Y
2569,93,39,4,5,Y
2570,93,10,4,4,Y
2571,93,17,5,4,Y
2572,93,10,4,3,Y
2573,93,41,3,4,Y
2574,93,14,3,3,Y
2575,93,30,3,4,Y
2576,93,12,5,3,Y
2577,93,17,4,3,Y
2578,93,44,5,3,Y
2579,93,44,3,4,Y
2580,93,37,5,5,Y
2581,93,36,4,4,Y
2582,93,45,3,3,Y
2583,94,29,5,5,Y
2584,94,17,3,5,Y
2585,94,35,3,3,Y
2586,94,22,3,5,Y
2587,94,24,3,5,Y
2588,94,41,5,4,Y
2589,94,17,4,3,Y
2590,94,17,4,4,Y
2591,94,12,3,5,Y
2592,94,37,5,3,Y
2593,94,31,5,3,Y
2594,94,11,5,5,Y
2595,94,12,4,5,Y
2596,94,31,5,4,Y
2597,94,34,4,5,Y
2598,94,23,3,4,Y
2599,94,31,5,4,Y
2600,94,38,4,3,Y
2601,94,16,5,4,Y
2602,94,34,5,3,Y
2603,94,32,3,4,Y
2604,94,28,5,4,Y
2605,94,33,5,5,Y
2606,94,45,5,4,Y
2607,94,37,5,5,Y
2608,94,39,4,4,Y
2609,94,44,5,5,Y
2610,94,42,3,5,Y
2611,94,43,4,4,Y
2612,94,23,4,3,Y
2613,94,20,4,4,Y
2614,94,22,4,4,Y
2615,94,40,4,5,Y
2616,94,22,5,3,Y
2617,95,16,5,3,Y
2618,95,18,4,4,Y
2619,95,16,3,3,Y
2620,95,43,5,4,Y
2621,95,15,4,5,Y
2622,95,25,3,3,Y
2623,95,33,5,3,Y
2624,95,34,4,4,Y
2625,95,45,3,3,Y
2626,95,16,5,5,Y
2627,95,42,4,5,Y
2628,95,11,5,3,Y
2629,95,31,3,5,Y
2630,95,40,4,4,Y
2631,95,42,4,3,Y
2632,95,13,3,3,Y
2633,95,27,3,5,Y
2634,95,44,4,3,Y
2635,95,33,5,5,Y
2636,95,11,3,5,Y
2637,95,13,5,3,Y
2638,95,38,3,3,Y
2639,96,45,5,3,Y
2640,96,29,3,3,Y
2641,96,29,5,4,Y
2642,96,17,4,5,Y
2643,96,45,4,5,Y
2644,96,14,3,4,Y
2645,96,19,3,4,Y
2646,96,43,5,3,Y
2647,96,28,4,3,Y
2648,96,35,3,3,Y
2649,96,27,4,5,Y
2650,96,23,4,5,Y
2651,96,29,5,4,Y
2652,96,11,4,3,Y
2653,96,24,3,4,Y
2654,96,11,5,3,Y
2655,96,30,5,4,Y
2656,96,12,4,3,Y
2657,96,42,5,3,Y
2658,96,28,5,4,Y
2659,96,30,3,3,Y
2660,96,29,5,4,Y
2661,96,44,3,3,Y
2662,96,25,5,5,Y
2663,97,36,4,3,Y
2664,97,37,3,4,Y
2665,97,16,3,5,Y
2666,97,38,3,5,Y
2667,97,38,3,4,Y
2668,97,25,5,3,Y
2669,97,38,3,3,Y
2670,97,33,5,4,Y
2671,97,34,4,3,Y
2672,97,44,3,3,Y
2673,97,28,5,5,Y
2674,97,22,5,5,Y
2675,97,38,4,4,Y
2676,97,16,5,3,Y
2677,97,36,5,5,Y
2678,97,24,4,3,Y
2679,97,29,4,4,Y
2680,97,33,5,4,Y
2681,97,23,4,5,Y
2682,97,28,5,3,Y
2683,98,12,5,3,Y
2684,98,27,5,5,Y
2685,98,29,5,5,Y
2686,98,27,4,4,Y
2687,98,45,3,5,Y
2688,98,18,3,3,Y
2689,98,38,5,4,Y
2690,98,37,3,5,Y
2691,98,28,5,5,Y
2692,98,40,3,5,Y
2693,98,17,4,5,Y
2694,98,18,4,5,Y
2695,98,14,4,4,Y
2696,98,42,3,4,Y
2697,98,17,4,3,Y
2698,98,36,3,4,Y
2699,98,25,4,4,Y
2700,98,35,5,3,Y
2701,98,14,4,4,Y
2702,98,45,5,4,Y
2703,98,39,4,3,Y
2704,98,32,3,3,Y
2705,98,19,4,3,Y
2706,98,12,3,3,Y
2707,98,28,3,4,Y
2708,98,39,5,5,Y
2709,98,43,4,4,Y
2710,98,22,5,4,Y
2711,98,10,4,3,Y
2712,98,29,3,3,Y
2713,98,21,5,3,Y
2714,98,39,3,3,Y
2715,99,21,4,3,Y
2716,99,21,5,4,Y
2717,99,22,4,5,Y
2718,99,26,4,5,Y
2719,99,35,3,3,Y
2720,99,15,5,5,Y
2721,99,27,4,3,Y
2722,99,29,5,3,Y
2723,99,24,5,5,Y
2724,99,44,4,3,Y
2725,99,31,5,5,Y
2726,99,33,4,5,Y
2727,99,43,4,4,Y
2728,99,21,4,3,Y
2729,99,31,3,3,Y
2730,99,21,3,5,Y
2731,99,36,4,5,Y
2732,99,14,5,5,Y
2733,99,27,3,4,Y
2734,99,35,3,5,Y
2735,99,15,4,4,Y
2736,100,27,4,5,Y
2737,100,34,5,3,Y
2738,100,31,4,4,Y
2739,100,12,4,4,Y
2740,100,45,3,3,Y
2741,100,32,4,5,Y
2742,100,36,3,5,Y
2743,100,42,5,3,Y
2744,100,31,3,3,Y
2745,100,41,3,4,Y
2746,100,27,4,4,Y
2747,100,35,5,4,Y
2748,100,13,5,5,Y
2749,100,34,4,3,Y
2750,100,42,5,3,Y
2751,100,26,3,4,Y
2752,100,26,3,4,Y
2753,100,21,4,5,Y
2754,101,18,4,4,Y
2755,101,11,3,5,Y
2756,101,34,5,4,Y
2757,101,11,5,3,Y
2758,101,36,5,5,Y
2759,101,32,3,5,Y
2760,101,32,4,3,Y
2761,101,29,5,4,Y
2762,101,22,3,5,Y
2763,101,22,4,5,Y
2764,101,32,3,3,Y
2765,101,33,3,4,Y
2766,101,38,4,4,Y
2767,101,23,5,5,Y
2768,101,31,4,4,Y
2769,101,36,5,5,Y
2770,101,41,3,4,Y
2771,101,42,5,3,Y
2772,101,29,4,3,Y
2773,101,10,3,3,Y
2774,101,26,5,5,Y
2775,101,25,3,5,Y
2776,101,13,4,3,Y
2777,101,18,5,4,Y
2778,101,13,5,5,Y
2779,101,44,4,4,Y
2780,101,18,5,4,Y
2781,101,34,5,5,Y
2782,101,26,5,3,Y
2783,101,20,4,5,Y
2784,101,32,5,3,Y
2785,101,13,3,3,Y
2786,101,21,3,5,Y
2787,101,16,3,3,Y
2788,101,27,3,5,Y
2789,102,16,3,5,Y
2790,102,23,5,5,Y
2791,102,43,5,5,Y
2792,102,38,3,3,Y
2793,102,30,5,4,Y
2794,102,14,5,4,Y
2795,102,14,3,4,Y
2796,102,41,5,3,Y
2797,102,20,5,5,Y
2798,102,44,4,5,Y
2799,102,27,3,5,Y
2800,102,29,4,5,Y
2801,102,14,4,4,Y
2802,102,30,4,5,Y
2803,102,29,5,4,Y
2804,103,12,3,3,Y
2805,103,38,4,4,Y
2806,103,19,3,4,Y
2807,103,27,5,4,Y
2808,103,16,3,3,Y
2809,103,18,5,3,Y
2810,103,39,3,5,Y
2811,103,25,4,5,Y
2812,103,16,4,4,Y
2813,103,41,5,3,Y
2814,103,12,3,5,Y
2815,103,26,5,4,Y
2816,103,19,4,5,Y
2817,103,37,3,4,Y
2818,103,29,3,3,Y
2819,104,226,1,2,N
2820,104,211,2,3,Y
2821,104,192,2,1,N
2822,104,90,2,2,N
2823,104,177,1,2,N
2824,104,94,1,1,N
2825,104,200,1,2,N
2826,104,219,1,2,N
2827,104,117,1,2,N
2828,104,203,2,3,Y
2829,104,94,2,1,N
2830,104,175,1,1,N
2831,104,167,1,1,N
2832,104,110,1,1,N
2833,104,108,1,2,N
2834,104,110,2,1,N
2835,104,215,1,1,N
2836,104,206,2,2,N
2837,104,150,2,1,N
2838,104,235,1,2,N
2839,104,128,1,3,Y
2840,104,113,1,3,Y
2841,104,200,1,1,N
2842,104,109,2,3,Y
2843,104,207,1,2,N
2844,104,200,1,1,N
2845,104,198,2,2,N
2846,104,93,1,3,Y
2847,104,153,1,3,Y
2848,104,190,2,1,N
2849,104,105,1,1,N
2850,104,239,1,2,N
2851,104,123,2,3,Y
2852,104,140,1,2,N
2853,104,133,1,2,N
2854,104,140,2,2,N
2855,104,117,1,2,N
2856,104,171,2,3,Y
2857,104,130,2,1,N
2858,104,184,2,1,N
